{
  "epoch": 1,
  "lr": 0.0004986304738420684,
  "train_loss": 0.32167652403139724,
  "val_auc": 0.7298222222222222,
  "val_eer": 0.33466666666666667,
  "val_loss": 0.3028819257250199
}