{
  "epoch": 24,
  "lr": 5.848888922025553e-05,
  "train_loss": 0.1597568329968125,
  "val_ap": 0.9895815041507435,
  "val_auc": 0.9051022222222223,
  "val_eer": 0.19200000000000003,
  "val_loss": 0.22619463461272132
}