{
  "0.12": {
    "accuracy_mean": 0.9122424242424243,
    "accuracy_std": 0.010273755200202248,
    "abstain_rate_mean": 0.0031515151515151517,
    "abstain_rate_std": 0.001644201208030368,
    "mean_radius_mean": 0.28801414032152056,
    "mean_radius_std": 0.002764871084453166,
    "n_seeds": 5,
    "r_0.00_mean": 0.9122424242424243,
    "r_0.00_std": 0.010273755200202248,
    "r_0.10_mean": 0.9025454545454545,
    "r_0.10_std": 0.010359205148713435,
    "r_0.25_mean": 0.8884848484848487,
    "r_0.25_std": 0.014904655659577612,
    "r_0.50_mean": 0.0,
    "r_0.50_std": 0.0,
    "r_0.75_mean": 0.0,
    "r_0.75_std": 0.0,
    "r_1.00_mean": 0.0,
    "r_1.00_std": 0.0,
    "r_1.50_mean": 0.0,
    "r_1.50_std": 0.0
  },
  "0.25": {
    "accuracy_mean": 0.9117575757575758,
    "accuracy_std": 0.011329281401743451,
    "abstain_rate_mean": 0.0036363636363636364,
    "abstain_rate_std": 0.002028266730991698,
    "mean_radius_mean": 0.5883333990154431,
    "mean_radius_std": 0.011691941691077633,
    "n_seeds": 5,
    "r_0.00_mean": 0.9117575757575758,
    "r_0.00_std": 0.011329281401743451,
    "r_0.10_mean": 0.9056969696969697,
    "r_0.10_std": 0.013220458864907617,
    "r_0.25_mean": 0.8943030303030302,
    "r_0.25_std": 0.01932411673539844,
    "r_0.50_mean": 0.8661818181818182,
    "r_0.50_std": 0.02833979832254194,
    "r_0.75_mean": 0.0,
    "r_0.75_std": 0.0,
    "r_1.00_mean": 0.0,
    "r_1.00_std": 0.0,
    "r_1.50_mean": 0.0,
    "r_1.50_std": 0.0
  },
  "0.50": {
    "accuracy_mean": 0.9146666666666668,
    "accuracy_std": 0.010857791843179962,
    "abstain_rate_mean": 0.0036363636363636364,
    "abstain_rate_std": 0.004056533461983396,
    "mean_radius_mean": 1.1646412463146503,
    "mean_radius_std": 0.03390955201313986,
    "n_seeds": 5,
    "r_0.00_mean": 0.9146666666666668,
    "r_0.00_std": 0.010857791843179962,
    "r_0.10_mean": 0.9119999999999999,
    "r_0.10_std": 0.009623967632135374,
    "r_0.25_mean": 0.9054545454545455,
    "r_0.25_std": 0.009605630427228593,
    "r_0.50_mean": 0.8916363636363638,
    "r_0.50_std": 0.014189586062217579,
    "r_0.75_mean": 0.8763636363636363,
    "r_0.75_std": 0.01937878195559885,
    "r_1.00_mean": 0.8543030303030303,
    "r_1.00_std": 0.029803396186381587,
    "r_1.50_mean": 0.0,
    "r_1.50_std": 0.0
  },
  "1.00": {
    "accuracy_mean": 0.9253333333333333,
    "accuracy_std": 0.006256236557849172,
    "abstain_rate_mean": 0.007757575757575757,
    "abstain_rate_std": 0.0024959103372089696,
    "mean_radius_mean": 2.214758460265162,
    "mean_radius_std": 0.03220813257592242,
    "n_seeds": 5,
    "r_0.00_mean": 0.9253333333333333,
    "r_0.00_std": 0.006256236557849172,
    "r_0.10_mean": 0.9209696969696969,
    "r_0.10_std": 0.006873913638185604,
    "r_0.25_mean": 0.9175757575757576,
    "r_0.25_std": 0.005528123273207953,
    "r_0.50_mean": 0.9073939393939392,
    "r_0.50_std": 0.005664640700871716,
    "r_0.75_mean": 0.8930909090909089,
    "r_0.75_std": 0.011636363636363672,
    "r_1.00_mean": 0.8799999999999999,
    "r_1.00_std": 0.012432369847232099,
    "r_1.50_mean": 0.8492121212121212,
    "r_1.50_std": 0.011488965441040269
  }
}