{
  "visual_only_0.25": {
    "accuracy_mean": 0.9095757575757576,
    "accuracy_std": 0.011282498209183109,
    "mean_radius_mean": 0.5885044477153158,
    "mean_radius_std": 0.005529818981166767,
    "cert_0.25_mean": 0.8933333333333333,
    "cert_0.25_std": 0.009038231215664128,
    "cert_0.50_mean": 0.864969696969697,
    "cert_0.50_std": 0.007877855422677308,
    "n_seeds": 5
  },
  "audio_only_0.25": {
    "accuracy_mean": 0.9088484848484848,
    "accuracy_std": 0.0031977953838237183,
    "mean_radius_mean": 0.6068059812069823,
    "mean_radius_std": 0.002041852897227517,
    "cert_0.25_mean": 0.9027878787878787,
    "cert_0.25_std": 0.003708377828067457,
    "cert_0.50_mean": 0.8945454545454548,
    "cert_0.50_std": 0.005528123273207948,
    "n_seeds": 5
  },
  "visual_only_1.00": {
    "accuracy_mean": 0.9231515151515151,
    "accuracy_std": 0.0033062258659359357,
    "mean_radius_mean": 2.2732846622659295,
    "mean_radius_std": 0.029230235846328296,
    "cert_0.25_mean": 0.915878787878788,
    "cert_0.25_std": 0.004240692287160246,
    "cert_0.50_mean": 0.9071515151515153,
    "cert_0.50_std": 0.0035628941713209683,
    "n_seeds": 5
  },
  "audio_only_1.00": {
    "accuracy_mean": 0.9190303030303031,
    "accuracy_std": 0.0053333333333333436,
    "mean_radius_mean": 2.4037471764186917,
    "mean_radius_std": 0.03391623308058528,
    "cert_0.25_mean": 0.9173333333333333,
    "cert_0.25_std": 0.004811983816067689,
    "cert_0.50_mean": 0.9149090909090909,
    "cert_0.50_std": 0.005165400182463673,
    "n_seeds": 5
  }
}