{
  "0.25_d12_social": {
    "cert_0.00_mean": 0.9078787878787878,
    "cert_0.00_std": 0.00466312340889003,
    "cert_0.25_mean": 0.8967272727272727,
    "cert_0.25_std": 0.008376801233052577,
    "cert_0.50_mean": 0.8833939393939394,
    "cert_0.50_std": 0.016359595460657437,
    "n_seeds": 5
  },
  "0.25_d11_h264_crf28": {
    "cert_0.00_mean": 0.9010909090909092,
    "cert_0.00_std": 0.0055068202141093595,
    "cert_0.25_mean": 0.8933333333333333,
    "cert_0.25_std": 0.009757387538180898,
    "cert_0.50_mean": 0.8795151515151515,
    "cert_0.50_std": 0.015981623974641944,
    "n_seeds": 5
  },
  "0.25_d1_jpeg75": {
    "cert_0.00_mean": 0.909090909090909,
    "cert_0.00_std": 0.0036765456698432,
    "cert_0.25_mean": 0.8955151515151515,
    "cert_0.25_std": 0.009977753031397177,
    "cert_0.50_mean": 0.8807272727272728,
    "cert_0.50_std": 0.02147336958814889,
    "n_seeds": 5
  },
  "0.50_d12_social": {
    "cert_0.00_mean": 0.9124848484848485,
    "cert_0.00_std": 0.0038636066546689283,
    "cert_0.25_mean": 0.9059393939393938,
    "cert_0.25_std": 0.0056125269831710034,
    "cert_0.50_mean": 0.8991515151515153,
    "cert_0.50_std": 0.00661245173187194,
    "n_seeds": 5
  },
  "0.50_d11_h264_crf28": {
    "cert_0.00_mean": 0.9044848484848484,
    "cert_0.00_std": 0.005050343431757476,
    "cert_0.25_mean": 0.899878787878788,
    "cert_0.25_std": 0.009218498589978908,
    "cert_0.50_mean": 0.8923636363636364,
    "cert_0.50_std": 0.015147150886606831,
    "n_seeds": 5
  },
  "0.50_d1_jpeg75": {
    "cert_0.00_mean": 0.9127272727272727,
    "cert_0.00_std": 0.005528123273207977,
    "cert_0.25_mean": 0.9076363636363636,
    "cert_0.25_std": 0.006007035972540044,
    "cert_0.50_mean": 0.8989090909090909,
    "cert_0.50_std": 0.009250319528891576,
    "n_seeds": 5
  },
  "1.00_d12_social": {
    "cert_0.00_mean": 0.9127272727272727,
    "cert_0.00_std": 0.0026556245212371863,
    "cert_0.25_mean": 0.9078787878787878,
    "cert_0.25_std": 0.00276406163660395,
    "cert_0.50_mean": 0.9049696969696969,
    "cert_0.50_std": 0.002113405548383322,
    "n_seeds": 5
  },
  "1.00_d11_h264_crf28": {
    "cert_0.00_mean": 0.9066666666666668,
    "cert_0.00_std": 0.0035957325998039365,
    "cert_0.25_mean": 0.9030303030303031,
    "cert_0.25_std": 0.0029690784761007955,
    "cert_0.50_mean": 0.8991515151515153,
    "cert_0.50_std": 0.0037867877216517356,
    "n_seeds": 5
  },
  "1.00_d1_jpeg75": {
    "cert_0.00_mean": 0.9156363636363636,
    "cert_0.00_std": 0.002495910337208986,
    "cert_0.25_mean": 0.9098181818181817,
    "cert_0.25_std": 0.0033062258659359864,
    "cert_0.50_mean": 0.9054545454545455,
    "cert_0.50_std": 0.003252462512726946,
    "n_seeds": 5
  }
}