{
  "joint_0.12": {
    "val_auc_mean": 0.9195342222222221,
    "val_auc_std": 0.004627762833109116,
    "val_eer_mean": 0.15973333333333334,
    "val_eer_std": 0.00816060999898633,
    "n_seeds": 5
  },
  "joint_0.25": {
    "val_auc_mean": 0.920344888888889,
    "val_auc_std": 0.002894833678243258,
    "val_eer_mean": 0.17346666666666666,
    "val_eer_std": 0.014486161979243796,
    "n_seeds": 5
  },
  "joint_0.50": {
    "val_auc_mean": 0.9149582222222221,
    "val_auc_std": 0.02911852521024634,
    "val_eer_mean": 0.1668,
    "val_eer_std": 0.03803483783176798,
    "n_seeds": 5
  },
  "joint_1.00": {
    "val_auc_mean": 0.9405475555555555,
    "val_auc_std": 0.00721196394203651,
    "val_eer_mean": 0.13933333333333334,
    "val_eer_std": 0.00945633238746515,
    "n_seeds": 5
  },
  "visual_only_0.25": {
    "val_auc_mean": 0.918496,
    "val_auc_std": 0.016474200010176767,
    "val_eer_mean": 0.16253333333333334,
    "val_eer_std": 0.018834483740675707,
    "n_seeds": 5
  },
  "audio_only_0.25": {
    "val_auc_mean": 0.9119964444444445,
    "val_auc_std": 0.015829560944754694,
    "val_eer_mean": 0.17573333333333335,
    "val_eer_std": 0.02196401096743895,
    "n_seeds": 5
  },
  "visual_only_1.00": {
    "val_auc_mean": 0.9309137777777778,
    "val_auc_std": 0.010540064084889675,
    "val_eer_mean": 0.14786666666666665,
    "val_eer_std": 0.01477776106933059,
    "n_seeds": 5
  },
  "audio_only_1.00": {
    "val_auc_mean": 0.9089919999999999,
    "val_auc_std": 0.0071482355381340176,
    "val_eer_mean": 0.18626666666666666,
    "val_eer_std": 0.022109223816719075,
    "n_seeds": 5
  }
}