{
  "artifact": "/kaggle/working/phase2/anisotropic/pca_joint.pt",
  "feature_space": "joint",
  "ambient_dim": 768,
  "n_samples": 3850,
  "visual_dim": 384,
  "audio_dim": 384,
  "dim_at_80pct": 42,
  "dim_at_90pct": 80,
  "dim_at_95pct": 125,
  "top20_explained_variance_ratio": [
    0.13604341447353363,
    0.061399344354867935,
    0.05462099239230156,
    0.04822676628828049,
    0.039494335651397705,
    0.034166399389505386,
    0.028803464025259018,
    0.027685731649398804,
    0.024985186755657196,
    0.024067621678113937,
    0.022299066185951233,
    0.020506173372268677,
    0.018632808700203896,
    0.016560712829232216,
    0.016325728967785835,
    0.014913125894963741,
    0.013910835608839989,
    0.013359270989894867,
    0.01264953799545765,
    0.011580693535506725
  ],
  "top50_cumulative_variance": [
    0.13604341447353363,
    0.19744275510311127,
    0.2520637512207031,
    0.3002904951572418,
    0.3397848308086395,
    0.373951256275177,
    0.40275469422340393,
    0.43044042587280273,
    0.4554256200790405,
    0.47949326038360596,
    0.501792311668396,
    0.5222984552383423,
    0.5409312844276428,
    0.5574920177459717,
    0.5738177299499512,
    0.5887308716773987,
    0.6026417016983032,
    0.6160009503364563,
    0.6286504864692688,
    0.640231192111969,
    0.6516203284263611,
    0.6624245643615723,
    0.6723313927650452,
    0.6819258332252502,
    0.6909978985786438,
    0.6997626423835754,
    0.7080647349357605,
    0.7160138487815857,
    0.7236643433570862,
    0.7311998009681702,
    0.7384772300720215,
    0.74546217918396,
    0.752131462097168,
    0.7584753632545471,
    0.7645547389984131,
    0.7702576518058777,
    0.7757077813148499,
    0.7808952927589417,
    0.7858502864837646,
    0.7906910181045532,
    0.7954418659210205,
    0.8000567555427551,
    0.804621696472168,
    0.8090372681617737,
    0.8130651116371155,
    0.8168947100639343,
    0.8206307888031006,
    0.8242749571800232,
    0.8278393745422363,
    0.8312712907791138
  ]
}