{
  "epoch": 23,
  "lr": 7.843959053281663e-05,
  "train_loss": 0.16677459358736194,
  "val_ap": 0.9897510598620152,
  "val_auc": 0.9041955555555555,
  "val_eer": 0.18866666666666665,
  "val_loss": 0.224757310280648
}