{
  "epoch": 12,
  "lr": 0.0003272542485937369,
  "train_loss": 0.1674126142700429,
  "val_auc": 0.8773155555555555,
  "val_eer": 0.19399999999999998,
  "val_loss": 0.23416718186882252
}