{
  "n_seeds": 5,
  "seeds": [
    42,
    69,
    420,
    2026,
    2804
  ],
  "training": {
    "joint_0.12": {
      "val_auc_mean": 0.9195342222222221,
      "val_auc_std": 0.004627762833109116,
      "val_eer_mean": 0.15973333333333334,
      "val_eer_std": 0.00816060999898633,
      "n_seeds": 5
    },
    "joint_0.25": {
      "val_auc_mean": 0.920344888888889,
      "val_auc_std": 0.002894833678243258,
      "val_eer_mean": 0.17346666666666666,
      "val_eer_std": 0.014486161979243796,
      "n_seeds": 5
    },
    "joint_0.50": {
      "val_auc_mean": 0.9149582222222221,
      "val_auc_std": 0.02911852521024634,
      "val_eer_mean": 0.1668,
      "val_eer_std": 0.03803483783176798,
      "n_seeds": 5
    },
    "joint_1.00": {
      "val_auc_mean": 0.9405475555555555,
      "val_auc_std": 0.00721196394203651,
      "val_eer_mean": 0.13933333333333334,
      "val_eer_std": 0.00945633238746515,
      "n_seeds": 5
    },
    "visual_only_0.25": {
      "val_auc_mean": 0.918496,
      "val_auc_std": 0.016474200010176767,
      "val_eer_mean": 0.16253333333333334,
      "val_eer_std": 0.018834483740675707,
      "n_seeds": 5
    },
    "audio_only_0.25": {
      "val_auc_mean": 0.9119964444444445,
      "val_auc_std": 0.015829560944754694,
      "val_eer_mean": 0.17573333333333335,
      "val_eer_std": 0.02196401096743895,
      "n_seeds": 5
    },
    "visual_only_1.00": {
      "val_auc_mean": 0.9309137777777778,
      "val_auc_std": 0.010540064084889675,
      "val_eer_mean": 0.14786666666666665,
      "val_eer_std": 0.01477776106933059,
      "n_seeds": 5
    },
    "audio_only_1.00": {
      "val_auc_mean": 0.9089919999999999,
      "val_auc_std": 0.0071482355381340176,
      "val_eer_mean": 0.18626666666666666,
      "val_eer_std": 0.022109223816719075,
      "n_seeds": 5
    }
  },
  "certification_joint": {
    "0.12": {
      "accuracy_mean": 0.9122424242424243,
      "accuracy_std": 0.010273755200202248,
      "abstain_rate_mean": 0.0031515151515151517,
      "abstain_rate_std": 0.001644201208030368,
      "mean_radius_mean": 0.28801414032152056,
      "mean_radius_std": 0.002764871084453166,
      "n_seeds": 5,
      "r_0.00_mean": 0.9122424242424243,
      "r_0.00_std": 0.010273755200202248,
      "r_0.10_mean": 0.9025454545454545,
      "r_0.10_std": 0.010359205148713435,
      "r_0.25_mean": 0.8884848484848487,
      "r_0.25_std": 0.014904655659577612,
      "r_0.50_mean": 0.0,
      "r_0.50_std": 0.0,
      "r_0.75_mean": 0.0,
      "r_0.75_std": 0.0,
      "r_1.00_mean": 0.0,
      "r_1.00_std": 0.0,
      "r_1.50_mean": 0.0,
      "r_1.50_std": 0.0
    },
    "0.25": {
      "accuracy_mean": 0.9117575757575758,
      "accuracy_std": 0.011329281401743451,
      "abstain_rate_mean": 0.0036363636363636364,
      "abstain_rate_std": 0.002028266730991698,
      "mean_radius_mean": 0.5883333990154431,
      "mean_radius_std": 0.011691941691077633,
      "n_seeds": 5,
      "r_0.00_mean": 0.9117575757575758,
      "r_0.00_std": 0.011329281401743451,
      "r_0.10_mean": 0.9056969696969697,
      "r_0.10_std": 0.013220458864907617,
      "r_0.25_mean": 0.8943030303030302,
      "r_0.25_std": 0.01932411673539844,
      "r_0.50_mean": 0.8661818181818182,
      "r_0.50_std": 0.02833979832254194,
      "r_0.75_mean": 0.0,
      "r_0.75_std": 0.0,
      "r_1.00_mean": 0.0,
      "r_1.00_std": 0.0,
      "r_1.50_mean": 0.0,
      "r_1.50_std": 0.0
    },
    "0.50": {
      "accuracy_mean": 0.9146666666666668,
      "accuracy_std": 0.010857791843179962,
      "abstain_rate_mean": 0.0036363636363636364,
      "abstain_rate_std": 0.004056533461983396,
      "mean_radius_mean": 1.1646412463146503,
      "mean_radius_std": 0.03390955201313986,
      "n_seeds": 5,
      "r_0.00_mean": 0.9146666666666668,
      "r_0.00_std": 0.010857791843179962,
      "r_0.10_mean": 0.9119999999999999,
      "r_0.10_std": 0.009623967632135374,
      "r_0.25_mean": 0.9054545454545455,
      "r_0.25_std": 0.009605630427228593,
      "r_0.50_mean": 0.8916363636363638,
      "r_0.50_std": 0.014189586062217579,
      "r_0.75_mean": 0.8763636363636363,
      "r_0.75_std": 0.01937878195559885,
      "r_1.00_mean": 0.8543030303030303,
      "r_1.00_std": 0.029803396186381587,
      "r_1.50_mean": 0.0,
      "r_1.50_std": 0.0
    },
    "1.00": {
      "accuracy_mean": 0.9253333333333333,
      "accuracy_std": 0.006256236557849172,
      "abstain_rate_mean": 0.007757575757575757,
      "abstain_rate_std": 0.0024959103372089696,
      "mean_radius_mean": 2.214758460265162,
      "mean_radius_std": 0.03220813257592242,
      "n_seeds": 5,
      "r_0.00_mean": 0.9253333333333333,
      "r_0.00_std": 0.006256236557849172,
      "r_0.10_mean": 0.9209696969696969,
      "r_0.10_std": 0.006873913638185604,
      "r_0.25_mean": 0.9175757575757576,
      "r_0.25_std": 0.005528123273207953,
      "r_0.50_mean": 0.9073939393939392,
      "r_0.50_std": 0.005664640700871716,
      "r_0.75_mean": 0.8930909090909089,
      "r_0.75_std": 0.011636363636363672,
      "r_1.00_mean": 0.8799999999999999,
      "r_1.00_std": 0.012432369847232099,
      "r_1.50_mean": 0.8492121212121212,
      "r_1.50_std": 0.011488965441040269
    }
  },
  "certification_ablation": {
    "visual_only_0.25": {
      "accuracy_mean": 0.9095757575757576,
      "accuracy_std": 0.011282498209183109,
      "mean_radius_mean": 0.5885044477153158,
      "mean_radius_std": 0.005529818981166767,
      "cert_0.25_mean": 0.8933333333333333,
      "cert_0.25_std": 0.009038231215664128,
      "cert_0.50_mean": 0.864969696969697,
      "cert_0.50_std": 0.007877855422677308,
      "n_seeds": 5
    },
    "audio_only_0.25": {
      "accuracy_mean": 0.9088484848484848,
      "accuracy_std": 0.0031977953838237183,
      "mean_radius_mean": 0.6068059812069823,
      "mean_radius_std": 0.002041852897227517,
      "cert_0.25_mean": 0.9027878787878787,
      "cert_0.25_std": 0.003708377828067457,
      "cert_0.50_mean": 0.8945454545454548,
      "cert_0.50_std": 0.005528123273207948,
      "n_seeds": 5
    },
    "visual_only_1.00": {
      "accuracy_mean": 0.9231515151515151,
      "accuracy_std": 0.0033062258659359357,
      "mean_radius_mean": 2.2732846622659295,
      "mean_radius_std": 0.029230235846328296,
      "cert_0.25_mean": 0.915878787878788,
      "cert_0.25_std": 0.004240692287160246,
      "cert_0.50_mean": 0.9071515151515153,
      "cert_0.50_std": 0.0035628941713209683,
      "n_seeds": 5
    },
    "audio_only_1.00": {
      "accuracy_mean": 0.9190303030303031,
      "accuracy_std": 0.0053333333333333436,
      "mean_radius_mean": 2.4037471764186917,
      "mean_radius_std": 0.03391623308058528,
      "cert_0.25_mean": 0.9173333333333333,
      "cert_0.25_std": 0.004811983816067689,
      "cert_0.50_mean": 0.9149090909090909,
      "cert_0.50_std": 0.005165400182463673,
      "n_seeds": 5
    }
  },
  "empirical_attacks": {
    "0.25": {
      "eps_0.05": {
        "base_auc_mean": 0.1406222739168363,
        "base_auc_std": 0.07650492500604766,
        "smooth_acc_mean": 0.534,
        "smooth_acc_std": 0.11132834320154054,
        "n_seeds": 5
      },
      "eps_0.10": {
        "base_auc_mean": 0.012445478336725794,
        "base_auc_std": 0.02374492653167482,
        "smooth_acc_mean": 0.182,
        "smooth_acc_std": 0.1386578522839583,
        "n_seeds": 5
      },
      "eps_0.20": {
        "base_auc_mean": 0.004303576621110788,
        "base_auc_std": 0.008607153242221575,
        "smooth_acc_mean": 0.046,
        "smooth_acc_std": 0.04565084884205331,
        "n_seeds": 5
      }
    },
    "0.50": {
      "eps_0.05": {
        "base_auc_mean": 0.2159348647862751,
        "base_auc_std": 0.036118661444472455,
        "smooth_acc_mean": 0.6519999999999999,
        "smooth_acc_std": 0.13029197979921867,
        "n_seeds": 5
      },
      "eps_0.10": {
        "base_auc_mean": 0.008316371038092471,
        "base_auc_std": 0.005735416381943187,
        "smooth_acc_mean": 0.385,