{
  "n_samples": 1000,
  "intrinsic_dim_visual": {
    "ambient_dim": 384,
    "n_samples": 1000,
    "explained_variance_ratio": [
      0.13488389551639557,
      0.06351584196090698,
      0.05426482856273651,
      0.04819164425134659,
      0.03897332772612572,
      0.03541984781622887,
      0.030500898137688637,
      0.029753321781754494,
      0.0259218979626894,
      0.024899719282984734,
      0.022806556895375252,
      0.020296610891819,
      0.019487779587507248,
      0.017267046496272087,
      0.016673678532242775,
      0.01581457257270813,
      0.014527724124491215,
      0.01289819460362196,
      0.01287264097481966,
      0.01221371442079544
    ],
    "cumulative_variance": [
      0.13488389551639557,
      0.19839973747730255,
      0.25266456604003906,
      0.30085620284080505,
      0.33982953429222107,
      0.37524938583374023,
      0.4057502746582031,
      0.43550360202789307,
      0.4614255130290985,
      0.4863252341747284,
      0.5091317892074585,
      0.5294284224510193,
      0.548916220664978,
      0.5661832690238953,
      0.5828569531440735,
      0.598671555519104,
      0.6131992936134338,
      0.6260975003242493,
      0.638970136642456,
      0.6511838436126709,
      0.6627277731895447,
      0.6732146739959717,
      0.6833571195602417,
      0.6932947039604187,
      0.7029401659965515,
      0.7122982740402222,
      0.7209286093711853,
      0.7288920879364014,
      0.7367262244224548,
      0.7442424893379211,
      0.7514902353286743,
      0.7584348320960999,
      0.7647339105606079,
      0.7709590196609497,
      0.7770505547523499,
      0.7826051115989685,
      0.7879442572593689,
      0.7931418418884277,
      0.7981628179550171,
      0.8030461072921753,
      0.8077639937400818,
      0.8122044205665588,
      0.81660395860672,
      0.8208339810371399,
      0.8248826265335083,
      0.8288120031356812,
      0.8325991034507751,
      0.8362473249435425,
      0.8397510647773743,
      0.8431963324546814
    ],
    "dim_at_90pct": 73,
    "dim_at_95pct": 113,
    "dim_at_99pct": 210
  },
  "intrinsic_dim_audio": {
    "ambient_dim": 384,
    "n_samples": 1000,
    "explained_variance_ratio": [
      0.6919252872467041,
      0.09354627132415771,
      0.023528894409537315,
      0.017387663945555687,
      0.015024259686470032,
      0.010813955217599869,
      0.00996553897857666,
      0.008663361892104149,
      0.007691643666476011,
      0.0069999233819544315,
      0.006340316496789455,
      0.004791529383510351,
      0.004478534683585167,
      0.0040555913001298904,
      0.0036717301700264215,
      0.0033924835734069347,
      0.0032872010488063097,
      0.002995744813233614,
      0.0027325060218572617,
      0.0026632463559508324
    ],
    "cumulative_variance": [
      0.6919252872467041,
      0.7854715585708618,
      0.8090004324913025,
      0.8263881206512451,
      0.841412365436554,
      0.8522263169288635,
      0.8621918559074402,
      0.8708552122116089,
      0.8785468339920044,
      0.8855467438697815,
      0.8918870687484741,
      0.896678626537323,
      0.9011571407318115,
      0.9052127599716187,
      0.9088844656944275,
      0.9122769236564636,
      0.9155641198158264,
      0.9185598492622375,
      0.9212923645973206,
      0.9239556193351746,
      0.9264845252037048,
      0.9288135766983032,
      0.9309931397438049,
      0.9330137968063354,
      0.9349526166915894,
      0.9368447065353394,
      0.9385637640953064,
      0.940227210521698,
      0.9417968392372131,
      0.9432870149612427,
      0.9447493553161621,
      0.9460945725440979,
      0.947421133518219,
      0.948661208152771,
      0.9498944282531738,
      0.9510771632194519,
      0.9522465467453003,
      0.9533823728561401,
      0.9544476270675659,
      0.9554915428161621,
      0.9564628005027771,
      0.957390546798706,
      0.9583012461662292,
      0.9591854810714722,
      0.9600309729576111,
      0.9608533978462219,
      0.961665153503418,
      0.9624560475349426,
      0.9632024765014648,
      0.9639304280281067
    ],
    "dim_at_90pct": 13,
    "dim_at_95pct": 36,
    "dim_at_99pct": 131
  },
  "intrinsic_dim_joint": {
    "ambient_dim": 768,
    "n_samples": 1000,
    "explained_variance_ratio": [
      0.13354061543941498,
      0.06285486370325089,
      0.05371099337935448,
      0.047716107219457626,
      0.03856377303600311,
      0.03505594655871391,
      0.03020617738366127,
      0.029469041153788567,
      0.025659406557679176,
      0.024729473516345024,
      0.022675076499581337,
      0.02009299397468567,
      0.019298214465379715,
      0.01708846166729927,
      0.016500011086463928,
      0.015650931745767593,
      0.014382144436240196,
      0.012774537317454815,
      0.012749416753649712,
      0.012101144529879093
    ],
    "cumulative_variance": [
      0.13354061543941498,
      0.19639548659324646,
      0.25010648369789124,
      0.29782259464263916,
      0.33638638257980347,
      0.3714423179626465,
      0.40164849162101746,
      0.43111753463745117,
      0.4567769467830658,
      0.4815064072608948,
      0.5041815042495728,
      0.524274468421936,
      0.5435726642608643,
      0.5606611371040344,
      0.5771611332893372,
      0.5928120613098145,
      0.607194185256958,
      0.6199687123298645,
      0.6327181458473206,
      0.6448193192481995,
      0.6562899351119995,
      0.6666711568832397,
      0.6767450571060181,
      0.6865924000740051,
      0.6961851119995117,
      0.7054729461669922,
      0.7140607237815857,
      0.7220412492752075,
      0.7298451066017151,
      0.7374480366706848,
      0.7447664737701416,
      0.7518041133880615,
      0.7586782574653625,
      0.7649242877960205,
      0.7710899710655212,
      0.7769713401794434,
      0.7824718952178955,
      0.7877510786056519,
      0.7928955554962158,
      0.7978025674819946,
      0.8026255369186401,
      0.8072954416275024,
      0.811687171459198,
      0.8160396814346313,
      0.8202085494995117,
      0.8241633772850037,
      0.8280231356620789,
      0.831762433052063,
      0.8353598117828369,
      0.8388131260871887
    ],
    "dim_at_90pct": 75,
    "dim_at_95pct": 116,
    "dim_at_99pct": 220
  },
  "alignment_visual_sigma_0.25": {
    "k5": {
      "mean_alignment": 0.013699187619855661,
      "std_alignment": 0.008553102522656807,
      "expected_alignment": 0.013020833333333334
    },
    "k10": {
      "mean_alignment": 0.02452482650837173,
      "std_alignment": 0.011107391963401103,
      "expected_alignment": 0.026041666666666668
    },
    "k20": {
      "mean_alignment": 0.0502393601208052,
      "std_alignment": 0.01405033401416809,
      "expected_alignment": 0.052083333333333336
    },
    "k50": {
      "mean_alignment": 0.12666481244992323,
      "std_alignment": 0.028045102635345417,
      "expected_alignment": 0.13020833333333334
    }
  },
  "alignment_audio_sigma_0.25": {
    "k5": {
      "mean_alignment": 0.013234343042267666,
      "std_alignment": 0.00792948534837249,
      "expected_alignment": 0.013020833333333334
    },
    "k10": {
      "mean_alignment": 0.025556912112813454,
      "std_alignment": 0.011247913943490843,
      "expected_alignment": 0.026041666666666668
    },
    "k20": {
      "mean_alignment": 0.05104325913983049,
      "std_alignment": 0.01585095236288,
      "expected_alignment": 0.052083333333333336
    },
    "k50": {
      "mean_alignment": 0.1267470006491593,
      "std_alignment": 0.023684017863083374,
      "expected_alignment": 0.13020833333333334
    }
  },
  "alignment_visual_sigma_0.50": {
    "k5": {
      "mean_alignment": 0.013336113531638792,
      "std_alignment": 0.008866953359195328,
      "expected_alignment": 0.013020833333333334
    },
    "k10": {
      "mean_alignment": 0.02792069263094941,
      "std_alignment": 0.011944027387314766,
      "expected_alignment": 0.026041666666666668
    },