{
  "epoch": 5,
  "lr": 0.0004932612176449559,
  "train_loss": 0.26507851957629486,
  "val_ap": 0.9818661503993078,
  "val_auc": 0.8370844444444444,
  "val_eer": 0.242,
  "val_loss": 0.24741376778827265
}